CaseName,TimeStep,B0x,B0y,B0z,ns,__CatalystChannel__,TimeValue,ScalarField,FILE
GEM,2000,0.0195,0,0,4,particles,500,mag(B),data/GEM_2000_0.0195_0_0_4_particles_500_mag(B).vtu
GEM,2001,0.0195,0,0,4,particles,500.25,mag(B),data/GEM_2001_0.0195_0_0_4_particles_500.25_mag(B).vtu
GEM,2002,0.0195,0,0,4,particles,500.5,mag(B),data/GEM_2002_0.0195_0_0_4_particles_500.5_mag(B).vtu
GEM,2003,0.0195,0,0,4,particles,500.75,mag(B),data/GEM_2003_0.0195_0_0_4_particles_500.75_mag(B).vtu
GEM,2004,0.0195,0,0,4,particles,501,mag(B),data/GEM_2004_0.0195_0_0_4_particles_501_mag(B).vtu
GEM,2005,0.0195,0,0,4,particles,501.25,mag(B),data/GEM_2005_0.0195_0_0_4_particles_501.25_mag(B).vtu
GEM,2006,0.0195,0,0,4,particles,501.5,mag(B),data/GEM_2006_0.0195_0_0_4_particles_501.5_mag(B).vtu
GEM,2007,0.0195,0,0,4,particles,501.75,mag(B),data/GEM_2007_0.0195_0_0_4_particles_501.75_mag(B).vtu
GEM,2008,0.0195,0,0,4,particles,502,mag(B),data/GEM_2008_0.0195_0_0_4_particles_502_mag(B).vtu
GEM,2009,0.0195,0,0,4,particles,502.25,mag(B),data/GEM_2009_0.0195_0_0_4_particles_502.25_mag(B).vtu
GEM,2010,0.0195,0,0,4,particles,502.5,mag(B),data/GEM_2010_0.0195_0_0_4_particles_502.5_mag(B).vtu
GEM,2011,0.0195,0,0,4,particles,502.75,mag(B),data/GEM_2011_0.0195_0_0_4_particles_502.75_mag(B).vtu
GEM,2012,0.0195,0,0,4,particles,503,mag(B),data/GEM_2012_0.0195_0_0_4_particles_503_mag(B).vtu
GEM,2013,0.0195,0,0,4,particles,503.25,mag(B),data/GEM_2013_0.0195_0_0_4_particles_503.25_mag(B).vtu
GEM,2014,0.0195,0,0,4,particles,503.5,mag(B),data/GEM_2014_0.0195_0_0_4_particles_503.5_mag(B).vtu
GEM,2015,0.0195,0,0,4,particles,503.75,mag(B),data/GEM_2015_0.0195_0_0_4_particles_503.75_mag(B).vtu
GEM,2016,0.0195,0,0,4,particles,504,mag(B),data/GEM_2016_0.0195_0_0_4_particles_504_mag(B).vtu
GEM,2017,0.0195,0,0,4,particles,504.25,mag(B),data/GEM_2017_0.0195_0_0_4_particles_504.25_mag(B).vtu
GEM,2018,0.0195,0,0,4,particles,504.5,mag(B),data/GEM_2018_0.0195_0_0_4_particles_504.5_mag(B).vtu
GEM,2019,0.0195,0,0,4,particles,504.75,mag(B),data/GEM_2019_0.0195_0_0_4_particles_504.75_mag(B).vtu
GEM,2020,0.0195,0,0,4,particles,505,mag(B),data/GEM_2020_0.0195_0_0_4_particles_505_mag(B).vtu
GEM,2021,0.0195,0,0,4,particles,505.25,mag(B),data/GEM_2021_0.0195_0_0_4_particles_505.25_mag(B).vtu
GEM,2022,0.0195,0,0,4,particles,505.5,mag(B),data/GEM_2022_0.0195_0_0_4_particles_505.5_mag(B).vtu
GEM,2023,0.0195,0,0,4,particles,505.75,mag(B),data/GEM_2023_0.0195_0_0_4_particles_505.75_mag(B).vtu
GEM,2024,0.0195,0,0,4,particles,506,mag(B),data/GEM_2024_0.0195_0_0_4_particles_506_mag(B).vtu
GEM,2025,0.0195,0,0,4,particles,506.25,mag(B),data/GEM_2025_0.0195_0_0_4_particles_506.25_mag(B).vtu
GEM,2026,0.0195,0,0,4,particles,506.5,mag(B),data/GEM_2026_0.0195_0_0_4_particles_506.5_mag(B).vtu
GEM,2027,0.0195,0,0,4,particles,506.75,mag(B),data/GEM_2027_0.0195_0_0_4_particles_506.75_mag(B).vtu
GEM,2028,0.0195,0,0,4,particles,507,mag(B),data/GEM_2028_0.0195_0_0_4_particles_507_mag(B).vtu
GEM,2029,0.0195,0,0,4,particles,507.25,mag(B),data/GEM_2029_0.0195_0_0_4_particles_507.25_mag(B).vtu
GEM,2030,0.0195,0,0,4,particles,507.5,mag(B),data/GEM_2030_0.0195_0_0_4_particles_507.5_mag(B).vtu
GEM,2031,0.0195,0,0,4,particles,507.75,mag(B),data/GEM_2031_0.0195_0_0_4_particles_507.75_mag(B).vtu
GEM,2032,0.0195,0,0,4,particles,508,mag(B),data/GEM_2032_0.0195_0_0_4_particles_508_mag(B).vtu
GEM,2033,0.0195,0,0,4,particles,508.25,mag(B),data/GEM_2033_0.0195_0_0_4_particles_508.25_mag(B).vtu
GEM,2034,0.0195,0,0,4,particles,508.5,mag(B),data/GEM_2034_0.0195_0_0_4_particles_508.5_mag(B).vtu
GEM,2035,0.0195,0,0,4,particles,508.75,mag(B),data/GEM_2035_0.0195_0_0_4_particles_508.75_mag(B).vtu
GEM,2036,0.0195,0,0,4,particles,509,mag(B),data/GEM_2036_0.0195_0_0_4_particles_509_mag(B).vtu
GEM,2037,0.0195,0,0,4,particles,509.25,mag(B),data/GEM_2037_0.0195_0_0_4_particles_509.25_mag(B).vtu
GEM,2038,0.0195,0,0,4,particles,509.5,mag(B),data/GEM_2038_0.0195_0_0_4_particles_509.5_mag(B).vtu
GEM,2039,0.0195,0,0,4,particles,509.75,mag(B),data/GEM_2039_0.0195_0_0_4_particles_509.75_mag(B).vtu
GEM,2040,0.0195,0,0,4,particles,510,mag(B),data/GEM_2040_0.0195_0_0_4_particles_510_mag(B).vtu
GEM,2041,0.0195,0,0,4,particles,510.25,mag(B),data/GEM_2041_0.0195_0_0_4_particles_510.25_mag(B).vtu
GEM,2042,0.0195,0,0,4,particles,510.5,mag(B),data/GEM_2042_0.0195_0_0_4_particles_510.5_mag(B).vtu
GEM,2043,0.0195,0,0,4,particles,510.75,mag(B),data/GEM_2043_0.0195_0_0_4_particles_510.75_mag(B).vtu
GEM,2044,0.0195,0,0,4,particles,511,mag(B),data/GEM_2044_0.0195_0_0_4_particles_511_mag(B).vtu
GEM,2045,0.0195,0,0,4,particles,511.25,mag(B),data/GEM_2045_0.0195_0_0_4_particles_511.25_mag(B).vtu
GEM,2046,0.0195,0,0,4,particles,511.5,mag(B),data/GEM_2046_0.0195_0_0_4_particles_511.5_mag(B).vtu
GEM,2047,0.0195,0,0,4,particles,511.75,mag(B),data/GEM_2047_0.0195_0_0_4_particles_511.75_mag(B).vtu
GEM,2048,0.0195,0,0,4,particles,512,mag(B),data/GEM_2048_0.0195_0_0_4_particles_512_mag(B).vtu
GEM,2049,0.0195,0,0,4,particles,512.25,mag(B),data/GEM_2049_0.0195_0_0_4_particles_512.25_mag(B).vtu
GEM,2050,0.0195,0,0,4,particles,512.5,mag(B),data/GEM_2050_0.0195_0_0_4_particles_512.5_mag(B).vtu
GEM,2051,0.0195,0,0,4,particles,512.75,mag(B),data/GEM_2051_0.0195_0_0_4_particles_512.75_mag(B).vtu
GEM,2052,0.0195,0,0,4,particles,513,mag(B),data/GEM_2052_0.0195_0_0_4_particles_513_mag(B).vtu
GEM,2053,0.0195,0,0,4,particles,513.25,mag(B),data/GEM_2053_0.0195_0_0_4_particles_513.25_mag(B).vtu
GEM,2054,0.0195,0,0,4,particles,513.5,mag(B),data/GEM_2054_0.0195_0_0_4_particles_513.5_mag(B).vtu
GEM,2055,0.0195,0,0,4,particles,513.75,mag(B),data/GEM_2055_0.0195_0_0_4_particles_513.75_mag(B).vtu
GEM,2056,0.0195,0,0,4,particles,514,mag(B),data/GEM_2056_0.0195_0_0_4_particles_514_mag(B).vtu
GEM,2057,0.0195,0,0,4,particles,514.25,mag(B),data/GEM_2057_0.0195_0_0_4_particles_514.25_mag(B).vtu
GEM,2058,0.0195,0,0,4,particles,514.5,mag(B),data/GEM_2058_0.0195_0_0_4_particles_514.5_mag(B).vtu
GEM,2059,0.0195,0,0,4,particles,514.75,mag(B),data/GEM_2059_0.0195_0_0_4_particles_514.75_mag(B).vtu
GEM,2060,0.0195,0,0,4,particles,515,mag(B),data/GEM_2060_0.0195_0_0_4_particles_515_mag(B).vtu
GEM,2061,0.0195,0,0,4,particles,515.25,mag(B),data/GEM_2061_0.0195_0_0_4_particles_515.25_mag(B).vtu
GEM,2062,0.0195,0,0,4,particles,515.5,mag(B),data/GEM_2062_0.0195_0_0_4_particles_515.5_mag(B).vtu
GEM,2063,0.0195,0,0,4,particles,515.75,mag(B),data/GEM_2063_0.0195_0_0_4_particles_515.75_mag(B).vtu
GEM,2064,0.0195,0,0,4,particles,516,mag(B),data/GEM_2064_0.0195_0_0_4_particles_516_mag(B).vtu
GEM,2065,0.0195,0,0,4,particles,516.25,mag(B),data/GEM_2065_0.0195_0_0_4_particles_516.25_mag(B).vtu
GEM,2066,0.0195,0,0,4,particles,516.5,mag(B),data/GEM_2066_0.0195_0_0_4_particles_516.5_mag(B).vtu
GEM,2067,0.0195,0,0,4,particles,516.75,mag(B),data/GEM_2067_0.0195_0_0_4_particles_516.75_mag(B).vtu
GEM,2068,0.0195,0,0,4,particles,517,mag(B),data/GEM_2068_0.0195_0_0_4_particles_517_mag(B).vtu
GEM,2069,0.0195,0,0,4,particles,517.25,mag(B),data/GEM_2069_0.0195_0_0_4_particles_517.25_mag(B).vtu
GEM,2070,0.0195,0,0,4,particles,517.5,mag(B),data/GEM_2070_0.0195_0_0_4_particles_517.5_mag(B).vtu
GEM,2071,0.0195,0,0,4,particles,517.75,mag(B),data/GEM_2071_0.0195_0_0_4_particles_517.75_mag(B).vtu
GEM,2072,0.0195,0,0,4,particles,518,mag(B),data/GEM_2072_0.0195_0_0_4_particles_518_mag(B).vtu
GEM,2073,0.0195,0,0,4,particles,518.25,mag(B),data/GEM_2073_0.0195_0_0_4_particles_518.25_mag(B).vtu
GEM,2074,0.0195,0,0,4,particles,518.5,mag(B),data/GEM_2074_0.0195_0_0_4_particles_518.5_mag(B).vtu
GEM,2075,0.0195,0,0,4,particles,518.75,mag(B),data/GEM_2075_0.0195_0_0_4_particles_518.75_mag(B).vtu
GEM,2076,0.0195,0,0,4,particles,519,mag(B),data/GEM_2076_0.0195_0_0_4_particles_519_mag(B).vtu
GEM,2077,0.0195,0,0,4,particles,519.25,mag(B),data/GEM_2077_0.0195_0_0_4_particles_519.25_mag(B).vtu
GEM,2078,0.0195,0,0,4,particles,519.5,mag(B),data/GEM_2078_0.0195_0_0_4_particles_519.5_mag(B).vtu
GEM,2079,0.0195,0,0,4,particles,519.75,mag(B),data/GEM_2079_0.0195_0_0_4_particles_519.75_mag(B).vtu
GEM,2080,0.0195,0,0,4,particles,520,mag(B),data/GEM_2080_0.0195_0_0_4_particles_520_mag(B).vtu
GEM,2081,0.0195,0,0,4,particles,520.25,mag(B),data/GEM_2081_0.0195_0_0_4_particles_520.25_mag(B).vtu
GEM,2082,0.0195,0,0,4,particles,520.5,mag(B),data/GEM_2082_0.0195_0_0_4_particles_520.5_mag(B).vtu
GEM,2083,0.0195,0,0,4,particles,520.75,mag(B),data/GEM_2083_0.0195_0_0_4_particles_520.75_mag(B).vtu
GEM,2084,0.0195,0,0,4,particles,521,mag(B),data/GEM_2084_0.0195_0_0_4_particles_521_mag(B).vtu
GEM,2085,0.0195,0,0,4,particles,521.25,mag(B),data/GEM_2085_0.0195_0_0_4_particles_521.25_mag(B).vtu
GEM,2086,0.0195,0,0,4,particles,521.5,mag(B),data/GEM_2086_0.0195_0_0_4_particles_521.5_mag(B).vtu
GEM,2087,0.0195,0,0,4,particles,521.75,mag(B),data/GEM_2087_0.0195_0_0_4_particles_521.75_mag(B).vtu
GEM,2088,0.0195,0,0,4,particles,522,mag(B),data/GEM_2088_0.0195_0_0_4_particles_522_mag(B).vtu
GEM,2089,0.0195,0,0,4,particles,522.25,mag(B),data/GEM_2089_0.0195_0_0_4_particles_522.25_mag(B).vtu
GEM,2090,0.0195,0,0,4,particles,522.5,mag(B),data/GEM_2090_0.0195_0_0_4_particles_522.5_mag(B).vtu
GEM,2091,0.0195,0,0,4,particles,522.75,mag(B),data/GEM_2091_0.0195_0_0_4_particles_522.75_mag(B).vtu
GEM,2092,0.0195,0,0,4,particles,523,mag(B),data/GEM_2092_0.0195_0_0_4_particles_523_mag(B).vtu
GEM,2093,0.0195,0,0,4,particles,523.25,mag(B),data/GEM_2093_0.0195_0_0_4_particles_523.25_mag(B).vtu
GEM,2094,0.0195,0,0,4,particles,523.5,mag(B),data/GEM_2094_0.0195_0_0_4_particles_523.5_mag(B).vtu
GEM,2095,0.0195,0,0,4,particles,523.75,mag(B),data/GEM_2095_0.0195_0_0_4_particles_523.75_mag(B).vtu
GEM,2096,0.0195,0,0,4,particles,524,mag(B),data/GEM_2096_0.0195_0_0_4_particles_524_mag(B).vtu
GEM,2097,0.0195,0,0,4,particles,524.25,mag(B),data/GEM_2097_0.0195_0_0_4_particles_524.25_mag(B).vtu
GEM,2098,0.0195,0,0,4,particles,524.5,mag(B),data/GEM_2098_0.0195_0_0_4_particles_524.5_mag(B).vtu
GEM,2099,0.0195,0,0,4,particles,524.75,mag(B),data/GEM_2099_0.0195_0_0_4_particles_524.75_mag(B).vtu
GEM,2100,0.0195,0,0,4,particles,525,mag(B),data/GEM_2100_0.0195_0_0_4_particles_525_mag(B).vtu
GEM,2101,0.0195,0,0,4,particles,525.25,mag(B),data/GEM_2101_0.0195_0_0_4_particles_525.25_mag(B).vtu
GEM,2102,0.0195,0,0,4,particles,525.5,mag(B),data/GEM_2102_0.0195_0_0_4_particles_525.5_mag(B).vtu
GEM,2103,0.0195,0,0,4,particles,525.75,mag(B),data/GEM_2103_0.0195_0_0_4_particles_525.75_mag(B).vtu
GEM,2104,0.0195,0,0,4,particles,526,mag(B),data/GEM_2104_0.0195_0_0_4_particles_526_mag(B).vtu
GEM,2105,0.0195,0,0,4,particles,526.25,mag(B),data/GEM_2105_0.0195_0_0_4_particles_526.25_mag(B).vtu
GEM,2106,0.0195,0,0,4,particles,526.5,mag(B),data/GEM_2106_0.0195_0_0_4_particles_526.5_mag(B).vtu
GEM,2107,0.0195,0,0,4,particles,526.75,mag(B),data/GEM_2107_0.0195_0_0_4_particles_526.75_mag(B).vtu
GEM,2108,0.0195,0,0,4,particles,527,mag(B),data/GEM_2108_0.0195_0_0_4_particles_527_mag(B).vtu
GEM,2109,0.0195,0,0,4,particles,527.25,mag(B),data/GEM_2109_0.0195_0_0_4_particles_527.25_mag(B).vtu
GEM,2110,0.0195,0,0,4,particles,527.5,mag(B),data/GEM_2110_0.0195_0_0_4_particles_527.5_mag(B).vtu
GEM,2111,0.0195,0,0,4,particles,527.75,mag(B),data/GEM_2111_0.0195_0_0_4_particles_527.75_mag(B).vtu
GEM,2112,0.0195,0,0,4,particles,528,mag(B),data/GEM_2112_0.0195_0_0_4_particles_528_mag(B).vtu
GEM,2113,0.0195,0,0,4,particles,528.25,mag(B),data/GEM_2113_0.0195_0_0_4_particles_528.25_mag(B).vtu
GEM,2114,0.0195,0,0,4,particles,528.5,mag(B),data/GEM_2114_0.0195_0_0_4_particles_528.5_mag(B).vtu
GEM,2115,0.0195,0,0,4,particles,528.75,mag(B),data/GEM_2115_0.0195_0_0_4_particles_528.75_mag(B).vtu
GEM,2116,0.0195,0,0,4,particles,529,mag(B),data/GEM_2116_0.0195_0_0_4_particles_529_mag(B).vtu
GEM,2117,0.0195,0,0,4,particles,529.25,mag(B),data/GEM_2117_0.0195_0_0_4_particles_529.25_mag(B).vtu
GEM,2118,0.0195,0,0,4,particles,529.5,mag(B),data/GEM_2118_0.0195_0_0_4_particles_529.5_mag(B).vtu
GEM,2119,0.0195,0,0,4,particles,529.75,mag(B),data/GEM_2119_0.0195_0_0_4_particles_529.75_mag(B).vtu
GEM,2120,0.0195,0,0,4,particles,530,mag(B),data/GEM_2120_0.0195_0_0_4_particles_530_mag(B).vtu
